-- initial data-- 

INSERT INTO level
VALUES 
	(1, '신입', '회원가입'),
	(2, '브론즈', '게시글 5개 이상, OPU 5개 이상 완료'),
	(3, '실버', '게시글 50개 이상, OPU 50개 이상 완료'),
	(4, '골드', '게시글 100개 이상, OPU 100개 이상 완료'),
	(5, '다이아', '게시글 200개 이상, OPU 200개 이상 완료'),
	(6, '랭커', '다이아 조건 충족 상위 30명'),
	(7, '관리자', '관리자 지정');
	
INSERT INTO user
VALUES
	(NULL, 'coddl', '윤채영', '1234', '챙이', '01011111111', '2000-12-19', NULL, NULL, CURRENT_TIMESTAMP, 'Y', 'N', 'N', 'N', NULL, 1),
    (NULL, 'rudals', '김경민', '1234', '미니미니경미니', '01011111112', '1998-04-10', NULL, NULL, '2025-02-01', 'Y', 'N', 'N', 'N', NULL, 2),
	(NULL, 'dbwls', '정유진', '1234', '유진저이', '01011111113', '2001-11-13', NULL, NULL, '2025-02-01', 'Y', 'N', 'N', 'N', NULL, 3),
	(NULL, 'codnjs', '김채원', '1234', '채원투쓰리', '01011111114', '2000-12-12', NULL, NULL, '2025-02-01', 'Y', 'N', 'N', 'N', NULL, 4),
	(NULL, 'audgh', '차명호', '1234', '띵호', '01011111115', '2000-12-17', NULL, NULL, CURRENT_TIMESTAMP, 'Y', 'N', 'N', 'N', NULL, 5),
	(NULL, 'duwls', '김여진', '1234', '여진족', '01011111116', '2002-08-04', NULL, NULL, '2025-02-01', 'Y', 'N', 'N', 'N', NULL, 6),
	(NULL, 'dnjsdud', '장원영', 5678, '원영공주', '01012341234', '2004-10-11', 'image1', '여행을 사랑하는 원영이', '2025-01-22', 'N', 'Y', 'N', 'N', NULL, 1),
	(NULL, 'dudwl', '이영지', 9012, '영지짱', '01012345678', '2002-05-07', 'image2', '개발은 즐거운 게임', '2025-01-23', 'N', 'Y', 'N', 'N', NULL, 1),
	(NULL, 'wltn', '손지수', 3456, '지수밍', '01012345555', '2003-05-07', 'image3', NULL, '2025-01-25', 'N', 'Y', 'N', 'N', NULL, 1),
	(NULL, 'wpsl', '제니', 4567, '제에니', '01012346666', '2010-08-14', 'image4', '긍정 에너지를 전파합니다!', '2025-01-27', 'N', 'Y', 'N', 'N', NULL, 1),
	(NULL, 'wlals', '유지민', 7895, '카리나', '01012344444', '2000-12-06', NULL, '음악과 커피를 사랑하는 사람', '2025-01-28', 'N', 'Y', 'N', 'N', NULL, 1),
	(NULL, 'ehdud', '김도영', 2314, '스까스까', '01012347777', '1996-01-12', 'image6', '밤하늘을 바라보는 게 취미', '2025-01-30', 'N', 'Y', 'N', 'N', NULL, 1),
	(NULL, 'wjdtn', '김정우', 4456, '원데이식스밀', '01012348888', '2002-07-15', 'image7', '운동으로 하루를 시작해요', '2025-01-31', 'N', 'Y', 'N', 'N', NULL, 1),
	(NULL, 'tldhs', '오시온', 4564, '어서오숀', '01012349999', '2005-11-18', 'image8', NULL, '2025-02-01', 'N', 'Y', 'N', 'N', NULL, 1),
	(NULL, 'wogus', '정재현', 7898, '아잉', '01012340000', '1997-02-14', 'image9', '하루 한 권 독서 챌린지 중', '2025-02-03', 'N', 'Y', 'N', 'N', NULL, 1),
	(NULL, 'rudtn', '도경수', 2577, '늑대공주', '01012342822', '1992-02-01', 'image10', '코드 속에서 살아가는 중!', '2025-02-05', 'N', 'Y', 'N', 'N', NULL, 1);
	
INSERT INTO opu_category
VALUES 
 (1, '운동'),
 (2, '지식'),
 (3, '문화생활'),
 (4, '음식');
 
INSERT INTO question
	  VALUES (NULL, '스트레스를 받을 때 나는?'),
	  			(NULL, '주말에 가장 하고 싶은 활동은?'),
	  			(NULL, '친구들과 만날 때 나는?'),
	  			(NULL, '여행 스타일을 고르자면?'),
	  			(NULL, '외계인이 나에게 한 가지 능력을 준다면?'),
	  			(NULL, '가장 기분이 좋아지는 순간은?'),
	  			(NULL, '내가 돈을 가장 많이 쓰는 분야는?'),
	  			(NULL, '선호하는 휴식 방법은?'),
	  			(NULL, '나만의 아지트가 생긴다면 어떤 곳일까?'),
	  			(NULL, '내가 주인공인 다큐멘터리가 제작된다면 어떤 내용일까?');

INSERT INTO answer(answer_id, answer_content, question_id, opu_category_id)
	  VALUES (1, '격하게 운동하며 푼다.', 1, 1),
	  			(NULL, '책을 읽거나 공부하며 생각을 정리한다.', 1, 2),
	  			(NULL, '영화, 공연 등을 보며 기분 전환한다.', 1, 3),
	  			(NULL, '맛있는 음식을 먹으며 힐링한다.', 1, 4),
	  			(NULL, '등산, 헬스, 런닝 등 몸을 움직이는 활동', 2, 1),
	  			(NULL, '다큐멘터리 시청, 강의 듣기, 새로운 정보 탐색', 2, 2),
	  			(NULL, '전시회, 공연, 콘서트 관람', 2, 3),
	  			(NULL, '새로운 맛집 탐방, 요리 도전', 2, 4),
	  			(NULL, '같이 스포츠나 액티비티를 한다.', 3, 1),
	  			(NULL, '깊은 대화를 나누며 서로 배우는 시간을 가진다.', 3, 2),
	  			(NULL, '영화관, 전시회, 공연장 등에서 만난다.', 3, 3),
	  			(NULL, '맛집을 찾아다니며 함께 식사를 즐긴다.', 3, 4),
	  			(NULL, '등산이나 서핑 같은 액티비티 중심 여행', 4, 1),
	  			(NULL, '역사적인 유적지를 탐방하는 여행', 4, 2),
	  			(NULL, '축제나 공연을 보러 가는 여행', 4, 3),
	  			(NULL, '현지의 대표 음식을 탐방하는 미식 여행', 4, 4),
	  			(NULL, '무한한 체력과 근력을 얻어 초인적인 퍼포먼스를 보인다.', 5, 1),
	  			(NULL, '모든 책을 한 번만 읽어도 완벽하게 기억하는 능력', 5, 2),
	  			(NULL, '어떤 악기든 한 번에 마스터하는 재능', 5, 3),
	  			(NULL, '손만 대면 어떤 요리든 완벽한 맛으로 조리되는 능력', 5, 4),
	  			(NULL, '힘든 운동 후 상쾌하게 샤워할 때', 6, 1),
	  			(NULL, '궁금했던 지식을 완전히 이해했을 때', 6, 2),
	  			(NULL, '감동적인 공연이나 영화를 봤을 때', 6, 3),
	  			(NULL, '완벽하게 맛있는 음식을 먹었을 때', 6, 4),
	  			(NULL, '헬스장, 스포츠 용품, 운동복', 7, 1),
	  			(NULL, '책, 강의, 온라인 코스', 7, 2),
	  			(NULL, '공연, 전시, 영화 티켓', 7, 3),
	  			(NULL, '맛집 탐방, 고급 식재료, 요리 기구', 7, 4),
	  			(NULL, '가벼운 스트레칭이나 요가로 몸을 풀며 쉬기', 8, 1),
	  			(NULL, '조용한 곳에서 흥미로운 책이나 기사를 읽기', 8, 2),
	  			(NULL, '음악을 듣거나 그림을 그리며 힐링하기', 8, 3),
	  			(NULL, '커피나 차와 함께 여유롭게 간식을 즐기기', 8, 4),
	  			(NULL, '최신 운동 기구가 가득한 프라이빗 트레이닝룸', 9, 1),
	  			(NULL, '희귀 서적과 연구 도구가 가득한 비밀 도서관', 9, 2),
	  			(NULL, '감각적인 조명과 음악이 흐르는 아트 스튜디오', 9, 3),
	  			(NULL, '세계 각국의 재료가 가득한 실험적인 주방', 9, 4),
	  			(NULL, '끊임없는 도전과 기록 경신을 담은 훈련 일지', 10, 1),
	  			(NULL, '호기심을 따라 다양한 지식을 탐험하는 여정', 10, 2),
	  			(NULL, '예술과 감성을 통해 삶을 바라보는 이야기', 10, 3),
	  			(NULL, '전 세계의 맛을 찾아 떠나는 미식 탐험기', 10, 4);

INSERT INTO opu_script
VALUES
(1, '스트레칭으로 몸 풀기', 1),
(NULL, '한 정거장 먼저 내려서 걷기', 1),
(NULL, '하체 운동하기', 1),
(NULL, '맨몸 운동하기', 1),
(NULL, '코어 운동하기', 1),
(NULL, '상체 운동하기', 1),
(NULL, '엘리베이터 대신 계단 이용하기', 1),
(NULL, '줄넘기하기', 1),
(NULL, '런닝하기', 1),
(NULL, '버피 테스트 하기', 1),
(NULL, '명상과 호흡운동 병행하기', 1),
(NULL, '음악에 맞춰 춤추기', 1),
(NULL, '가볍게 제자리 뛰기', 1),
(NULL, '가벼운 요가 동작 수행하기', 1),
(NULL, '앉아서 일하는 동안 기지개 켜고 일어나기', 1),
(NULL, '양치할 때 까치발 들고 버티며 종아리 운동하기', 1),
(NULL, '앉은 상태에서 복부에 힘주고 자세 바르게 유지하기', 1),
(null, '퇴근 후 또는 자기 전 가벼운 요가 동작 3개 따라하기', 1),
(NULL, '청소하면서 스쿼트나 런지 병행하기', 1),
(NULL, '하루 동안 한쪽 손으로만 가방 들고 다니지 않기', 1),
(NULL, '독서하기', 2),
(NULL, '새로운 영어 단어 익히기', 2),
(null, 'TED 강연 시청하기', 2),
(NULL, '신문 읽기', 2),
(NULL, '새로운 속담 외우기', 2),
(NULL, '새로운 명언 외우기', 2),
(NULL, '역사적 사건 하나 찾아보고 학습하기', 2),
(null, '프로그래밍 언어 1개 문법 학습하기', 2),
(NULL, '새로운 경제 용어 하나 공부하기', 2),
(NULL, '한 문장씩 외국어로 글쓰기', 2),
(NULL, '오디오북이나 팟캐스트 듣기', 2),
(NULL, '랜덤 위키피디아 페이지 열어 읽고 배우기', 2),
(NULL, '새로운 영단어를 찾아보고 문장 만들어 보기', 2),
(NULL, '미술 작품 하나 골라보고 관련 정보 알아보기', 2),
(NULL, '퀴즈 앱에서 상식 문제 풀어보기', 2),
(NULL, '새로운 한자 익히기', 2),
(NULL, '기사나 칼럼 읽고 요약하기', 2),
(NULL, '키보드 단축키나 유용한 소프트웨어 기능 익히기', 2),
(NULL, '좋아하는 분야의 블로그나 뉴스레터 구독하고 읽기', 2),
(NULL, '역사나, 경제 등 특정 주제에 대해 학습하기', 2),
(NULL, '새로운 음악 감상하기', 3),
(NULL, '짧은 시 감상하기', 3),
(NULL, '영화 관람하기', 3),
(NULL, '뮤지컬, 연극 관람하기', 3),
(NULL, '갤러리나 박물관 방문하기', 3),
(NULL, '웹툰 감상하기', 3),
(NULL, '라디오 프로그램 듣기', 3),
(NULL, '새로운 취미 관련 정보 검색 및 시도하기', 3),
(NULL, '좋아하는 음악 장르 탐색 및 플레이리스트 만들기', 3),
(NULL, '책상 위나 작업 공간 재정리 후 분위기 바꾸기', 3),
(NULL, '사진 촬영 후 인스타그램 및 블로그에 기록 남기기', 3),
(null, '요리, 도예, 미술 등 창작 활동 1가지 체험하기', 3),
(NULL, '가족이나 친구에게 의미 있는 메시지 보내기', 3),
(NULL, '옛날 광고나 포스터 찾아보기', 3),
(NULL, '레트로 감성 음악 듣고 가사 분석하기', 3),
(NULL, '하루 동안 특정 색깔에 집중해서 사진 찍기', 3),
(NULL, '일본이나 프랑스 등 특정 국가의 인기 만화/애니 감상', 3),
(NULL, '다른 나라의 인기 동요나 전통음악 들어보기', 3),
(NULL, '집에서 나만의 작은 미술 전시회 열어보기', 3),
(NULL, '라디오 드라마나 오디오 극장 감상해보기', 3),
(NULL, '새로운 건강식 레시피 하나 도전하기', 4),
(NULL, '녹차나 허브티 마시기', 4),
(null, '물 2L 마시기', 4),
(NULL, '가공식품 대신 신선한 재료로 한 끼 준비하기', 4),
(NULL, '견과류 섭취하기', 4),
(NULL, '새로운 과일 먹어보기', 4),
(null, 'msg 줄이고 천연 감미료 사용해보기', 4),
(NULL, '자극적인 음식 줄이고 저염식 도전하기', 4),
(NULL, '소량씩 천천히 꼭꼭 씹어 먹기', 4),
(NULL, '비건 식단으로 도전하기', 4),
(NULL, '채소 반찬 한 가지 추가해서 먹기', 4),
(NULL, '집에서 직접 요리해서 도시락 싸보기', 4),
(NULL, '카페인 대신 디카페인 음료 마시기', 4),
(NULL, '음식 일기 작성해서 식습관 점검하기', 4),
(NULL, '집밥 백선생', 4),
(NULL, '색깔별로 과일 하나씩 먹어보기', 4),
(NULL, '지금까지 먹어본 적 없는 향신료 하나 도전해보기', 4),
(NULL, '옛날 도시락 스타일로 한 끼 만들어보기', 4),
(NULL, '다른 나라의 국민 간식 하나 먹어보기', 4),
(NULL, '식사를 한 입씩 더 천천히 씹어보면서 맛 음미하기', 4),
(NULL, '사용자 지정 OPU', 1);

INSERT INTO time
VALUES 
 (1, '5분 미만'),
 (null, '10분'),
 (null, '30분'),
 (null, '1시간');

INSERT INTO opu_list
VALUES
(1, 2, 3),
(NULL, 5, 1),
(NULL, 10, 2),
(NULL, 15, 3),
(NULL, 20, 4),
(NULL, 25, 1),
(NULL, 30, 2),
(NULL, 35, 3),
(NULL, 40, 4),
(NULL, 45, 1),
(NULL, 50, 2),
(NULL, 55, 3),
(NULL, 60, 4),
(NULL, 65, 1),
(NULL, 70, 2),
(NULL, 11, 3),
(NULL, 63, 4),
(NULL, 72, 1),
(NULL, 81, 1);

INSERT INTO opu_like
VALUES
(1, 2, 3),
(NULL, 3, 5),
(NULL, 6 , 10),
(NULL, 8 , 11),
(NULL, 2 , 13),
(NULL, 6 , 15),
(NULL, 6 , 16),
(NULL, 6 , 17);

INSERT INTO opu_add
VALUES
(null, 6, '2025-02-02', 'Y', null, 14, 'N', 'Y'),
(null, 6, '2025-02-02', 'Y', null, 6, 'N', 'Y'),
(null, 6, '2025-02-02', 'Y', null, 15, 'N', 'Y'),
(null, 6, '2025-02-02', 'Y', null, 9, 'N', 'Y'),
(null, 6, '2025-02-02', 'Y', null, 13, 'N', 'Y'),
(null, 6, '2025-02-02', 'Y', null, 11, 'N', 'Y'),
(null, 6, '2025-02-02', 'Y', null, 7, 'N', 'Y'),
(null, 6, '2025-02-02', 'Y', null, 9, 'N', 'Y'),
(null, 6, '2025-02-02', 'Y', null, 8, 'N', 'Y'),
(null, 6, '2025-02-02', 'Y', null, 1, 'N', 'Y'),
(null, 6, '2025-02-02', 'Y', null, 9, 'N', 'Y'),
(null, 6, '2025-02-02', 'Y', null, 5, 'N', 'Y'),
(null, 6, '2025-02-02', 'Y', null, 10, 'N', 'Y'),
(null, 6, '2025-02-02', 'Y', null, 3, 'N', 'Y'),
(null, 6, '2025-02-02', 'Y', null, 10, 'N', 'Y'),
(null, 6, '2025-02-02', 'Y', null, 10, 'N', 'Y'),
(null, 6, '2025-02-02', 'Y', null, 17, 'N', 'Y'),
(null, 6, '2025-02-02', 'Y', null, 12, 'N', 'Y'),
(null, 6, '2025-02-02', 'Y', null, 3, 'N', 'Y'),
(null, 6, '2025-02-02', 'Y', null, 6, 'N', 'Y'),
(null, 6, '2025-02-02', 'Y', null, 5, 'N', 'Y'),
(null, 6, '2025-02-02', 'Y', null, 13, 'N', 'Y'),
(null, 6, '2025-02-02', 'Y', null, 9, 'N', 'Y'),
(null, 6, '2025-02-02', 'Y', null, 1, 'N', 'Y'),
(null, 6, '2025-02-02', 'Y', null, 1, 'N', 'Y'),
(null, 6, '2025-02-02', 'Y', null, 13, 'N', 'Y'),
(null, 6, '2025-02-02', 'Y', null, 17, 'N', 'Y'),
(null, 6, '2025-02-02', 'Y', null, 5, 'N', 'Y'),
(null, 6, '2025-02-02', 'Y', null, 13, 'N', 'Y'),
(null, 6, '2025-02-02', 'Y', null, 3, 'N', 'Y'),
(null, 6, '2025-02-02', 'Y', null, 7, 'N', 'Y'),
(null, 6, '2025-02-02', 'Y', null, 18, 'N', 'Y'),
(null, 6, '2025-02-02', 'Y', null, 15, 'N', 'Y'),
(null, 6, '2025-02-02', 'Y', null, 11, 'N', 'Y'),
(null, 6, '2025-02-02', 'Y', null, 13, 'N', 'Y'),
(null, 6, '2025-02-02', 'Y', null, 5, 'N', 'Y'),
(null, 6, '2025-02-02', 'Y', null, 15, 'N', 'Y'),
(null, 6, '2025-02-02', 'Y', null, 13, 'N', 'Y'),
(null, 6, '2025-02-02', 'Y', null, 10, 'N', 'Y'),
(null, 6, '2025-02-02', 'Y', null, 17, 'N', 'Y'),
(null, 6, '2025-02-02', 'Y', null, 6, 'N', 'Y'),
(null, 6, '2025-02-02', 'Y', null, 17, 'N', 'Y'),
(null, 6, '2025-02-02', 'Y', null, 2, 'N', 'Y'),
(null, 6, '2025-02-02', 'Y', null, 3, 'N', 'Y'),
(null, 6, '2025-02-02', 'Y', null, 1, 'N', 'Y'),
(null, 6, '2025-02-02', 'Y', null, 14, 'N', 'Y'),
(null, 6, '2025-02-02', 'Y', null, 5, 'N', 'Y'),
(null, 6, '2025-02-02', 'Y', null, 6, 'N', 'Y'),
(null, 6, '2025-02-02', 'Y', null, 4, 'N', 'Y'),
(null, 6, '2025-02-02', 'Y', null, 9, 'N', 'Y'),
(null, 6, '2025-02-02', 'Y', null, 17, 'N', 'Y'),
(null, 6, '2025-02-02', 'Y', null, 3, 'N', 'Y'),
(null, 6, '2025-02-02', 'Y', null, 12, 'N', 'Y'),
(null, 6, '2025-02-02', 'Y', null, 5, 'N', 'Y'),
(null, 6, '2025-02-02', 'Y', null, 13, 'N', 'Y'),
(null, 6, '2025-02-02', 'Y', null, 5, 'N', 'Y'),
(null, 6, '2025-02-02', 'Y', null, 4, 'N', 'Y'),
(null, 6, '2025-02-02', 'Y', null, 9, 'N', 'Y'),
(null, 6, '2025-02-02', 'Y', null, 4, 'N', 'Y'),
(null, 6, '2025-02-02', 'Y', null, 18, 'N', 'Y'),
(null, 6, '2025-02-02', 'Y', null, 9, 'N', 'Y'),
(null, 6, '2025-02-02', 'Y', null, 15, 'N', 'Y'),
(null, 6, '2025-02-02', 'Y', null, 16, 'N', 'Y'),
(null, 6, '2025-02-02', 'Y', null, 15, 'N', 'Y'),
(null, 6, '2025-02-02', 'Y', null, 9, 'N', 'Y'),
(null, 6, '2025-02-02', 'Y', null, 16, 'N', 'Y'),
(null, 6, '2025-02-02', 'Y', null, 8, 'N', 'Y'),
(null, 6, '2025-02-02', 'Y', null, 17, 'N', 'Y'),
(null, 6, '2025-02-02', 'Y', null, 8, 'N', 'Y'),
(null, 6, '2025-02-02', 'Y', null, 16, 'N', 'Y'),
(null, 6, '2025-02-02', 'Y', null, 16, 'N', 'Y'),
(null, 6, '2025-02-02', 'Y', null, 4, 'N', 'Y'),
(null, 6, '2025-02-02', 'Y', null, 15, 'N', 'Y'),
(null, 6, '2025-02-02', 'Y', null, 18, 'N', 'Y'),
(null, 6, '2025-02-02', 'Y', null, 6, 'N', 'Y'),
(null, 6, '2025-02-02', 'Y', null, 2, 'N', 'Y'),
(null, 6, '2025-02-02', 'Y', '빙글빙글 돌기', null, 'N', 'Y'),
(null, 6, '2025-02-02', 'Y', null, 15, 'N', 'Y'),
(null, 6, '2025-02-02', 'Y', null, 2, 'N', 'Y'),
(null, 6, '2025-02-02', 'Y', null, 1, 'N', 'Y'),
(null, 6, '2025-02-02', 'N', null, 8, 'N', 'Y'),
(null, 6, '2025-02-02', 'Y', null, 12, 'N', 'Y'),
(null, 6, '2025-02-02', 'Y', null, 16, 'N', 'Y'),
(null, 6, '2025-02-02', 'Y', null, 3, 'N', 'Y'),
(null, 6, '2025-02-02', 'Y', null, 5, 'N', 'Y'),
(null, 6, '2025-02-02', 'Y', null, 11, 'N', 'Y'),
(null, 6, '2025-02-02', 'Y', null, 1, 'N', 'Y'),
(null, 6, '2025-02-02', 'Y', null, 2, 'N', 'Y'),
(null, 6, '2025-02-02', 'Y', null, 16, 'N', 'Y'),
(null, 6, '2025-02-02', 'Y', null, 10, 'N', 'Y'),
(null, 6, '2025-02-02', 'Y', null, 14, 'N', 'Y'),
(null, 6, '2025-02-02', 'Y', null, 10, 'N', 'Y'),
(null, 6, '2025-02-02', 'Y', NULL, 1, 'N', 'Y'),
(null, 6, '2025-02-02', 'Y', null, 12, 'N', 'Y'),
(null, 6, '2025-02-02', 'Y', null, 8, 'N', 'Y'),
(null, 6, '2025-02-02', 'Y', null, 12, 'N', 'Y'),
(null, 6, '2025-02-02', 'Y', null, 16, 'N', 'Y'),
(null, 6, '2025-02-02', 'Y', null, 1, 'N', 'Y'),
(null, 6, '2025-02-02', 'Y', null, 4, 'N', 'Y'),
(null, 6, '2025-02-02', 'Y', null, 3, 'N', 'Y'),
(null, 6, '2025-02-02', 'Y', null, 1, 'N', 'Y'),
(null, 6, '2025-02-02', 'Y', '빙글빙글 돌기', null, 'N', 'Y'),
(null, 6, '2025-02-02', 'Y', null, 14, 'N', 'Y'),
(null, 6, '2025-02-02', 'Y', null, 17, 'N', 'Y'),
(null, 6, '2025-02-02', 'N', null, 18, 'N', 'Y'),
(null, 6, '2025-02-02', 'Y', null, 2, 'N', 'Y'),
(null, 6, '2025-02-02', 'Y', null, 7, 'N', 'Y'),
(null, 6, '2025-02-02', 'Y', null, 4, 'N', 'Y'),
(null, 6, '2025-02-02', 'Y', null, 17, 'N', 'Y'),
(null, 6, '2025-02-02', 'Y', null, 18, 'N', 'Y'),
(null, 6, '2025-02-02', 'Y', null, 12, 'N', 'Y'),
(null, 6, '2025-02-02', 'Y', null, 18, 'N', 'Y'),
(null, 6, '2025-02-02', 'Y', null, 12, 'N', 'Y'),
(null, 6, '2025-02-02', 'Y', null, 13, 'N', 'Y'),
(null, 6, '2025-02-02', 'Y', null, 5, 'N', 'Y'),
(null, 6, '2025-02-02', 'Y', null, 4, 'N', 'Y'),
(null, 6, '2025-02-02', 'Y', null, 14, 'N', 'Y'),
(null, 6, '2025-02-02', 'Y', null, 13, 'N', 'Y'),
(null, 6, '2025-02-02', 'Y', null, 14, 'N', 'Y'),
(null, 6, '2025-02-02', 'Y', null, 6, 'N', 'Y'),
(null, 6, '2025-02-02', 'Y', null, 7, 'N', 'Y'),
(null, 6, '2025-02-02', 'Y', null, 3, 'N', 'Y'),
(null, 6, '2025-02-02', 'N', null, 6, 'N', 'Y'),
(null, 6, '2025-02-02', 'Y', null, 9, 'N', 'Y'),
(null, 6, '2025-02-02', 'Y', null, 4, 'N', 'Y'),
(null, 6, '2025-02-02', 'Y', null, 3, 'N', 'Y'),
(null, 6, '2025-02-02', 'Y', null, 1, 'N', 'Y'),
(null, 6, '2025-02-02', 'Y', null, 1, 'N', 'Y'),
(null, 6, '2025-02-02', 'Y', null, 5, 'N', 'Y'),
(null, 6, '2025-02-02', 'Y', '빙글빙글 돌기', null, 'N', 'Y'),
(null, 6, '2025-02-02', 'Y', null, 16, 'N', 'Y'),
(null, 6, '2025-02-02', 'Y', null, 8, 'N', 'Y'),
(null, 6, '2025-02-02', 'Y', null, 10, 'Y', 'Y'),
(null, 6, '2025-02-02', 'Y', null, 7, 'N', 'Y'),
(null, 6, '2025-02-02', 'Y', null, 13, 'N', 'Y'),
(null, 6, '2025-02-02', 'Y', null, 2, 'N', 'Y'),
(null, 6, '2025-02-02', 'Y', null, 16, 'N', 'Y'),
(null, 6, '2025-02-02', 'Y', null, 16, 'N', 'Y'),
(null, 6, '2025-02-02', 'Y', null, 18, 'N', 'Y'),
(null, 6, '2025-02-02', 'Y', null, 6, 'N', 'Y'),
(null, 6, '2025-02-02', 'Y', null, 1, 'N', 'Y'),
(null, 6, '2025-02-02', 'Y', null, 5, 'N', 'Y'),
(null, 6, '2025-02-02', 'Y', null, 7, 'N', 'Y'),
(null, 6, '2025-02-02', 'Y', null, 4, 'N', 'Y'),
(null, 6, '2025-02-02', 'Y', null, 7, 'N', 'Y'),
(null, 6, '2025-02-02', 'N', null, 14, 'N', 'Y'),
(null, 6, '2025-02-02', 'Y', null, 15, 'N', 'Y'),
(null, 6, '2025-02-02', 'Y', null, 17, 'N', 'Y'),
(null, 6, '2025-02-02', 'Y', null, 14, 'N', 'Y'),
(null, 6, '2025-02-02', 'Y', null, 2, 'N', 'Y'),
(null, 6, '2025-02-02', 'Y', null, 14, 'N', 'Y'),
(null, 6, '2025-02-02', 'Y', null, 4, 'N', 'Y'),
(null, 6, '2025-02-02', 'Y', null, 2, 'Y', 'Y'),
(null, 6, '2025-02-02', 'Y', null, 7, 'N', 'Y'),
(null, 6, '2025-02-02', 'Y', null, 9, 'N', 'Y'),
(null, 6, '2025-02-02', 'Y', null, 10, 'N', 'Y'),
(null, 6, '2025-02-02', 'Y', null, 6, 'N', 'Y'),
(null, 6, '2025-02-02', 'Y', null, 3, 'N', 'Y'),
(null, 6, '2025-02-02', 'Y', null, 8, 'N', 'Y'),
(null, 6, '2025-02-02', 'Y', null, 3, 'N', 'Y'),
(null, 6, '2025-02-02', 'Y', null, 14, 'N', 'Y'),
(null, 6, '2025-02-02', 'Y', null, 4, 'N', 'Y'),
(null, 6, '2025-02-02', 'Y', null, 9, 'N', 'Y'),
(null, 6, '2025-02-02', 'Y', null, 18, 'N', 'Y'),
(null, 6, '2025-02-02', 'Y', null, 12, 'N', 'N'),
(null, 6, '2025-02-02', 'Y', null, 2, 'N', 'Y'),
(null, 6, '2025-02-02', 'Y', null, 8, 'N', 'Y'),
(null, 6, '2025-02-02', 'Y', null, 11, 'N', 'Y'),
(null, 6, '2025-02-02', 'Y', null, 10, 'Y', 'Y'),
(null, 6, '2025-02-02', 'Y', null, 11, 'N', 'Y'),
(null, 6, '2025-02-02', 'Y', null, 17, 'N', 'Y'),
(null, 6, '2025-02-02', 'Y', null, 5, 'N', 'Y'),
(null, 6, '2025-02-02', 'Y', null, 18, 'N', 'Y'),
(null, 6, '2025-02-02', 'Y', null, 4, 'N', 'Y'),
(null, 6, '2025-02-02', 'Y', null, 15, 'N', 'Y'),
(null, 6, '2025-02-02', 'Y', null, 5, 'N', 'Y'),
(null, 6, '2025-02-02', 'Y', null, 4, 'N', 'Y'),
(null, 6, '2025-02-02', 'Y', null, 14, 'N', 'Y'),
(null, 6, '2025-02-02', 'Y', null, 14, 'N', 'Y'),
(null, 6, '2025-02-02', 'N', null, 16, 'N', 'Y'),
(null, 6, '2025-02-02', 'Y', null, 11, 'N', 'Y'),
(null, 6, '2025-02-02', 'Y', null, 12, 'N', 'Y'),
(null, 6, '2025-02-02', 'Y', null, 16, 'N', 'Y'),
(null, 6, '2025-02-02', 'Y', '빙글빙글 돌기', null, 'N', 'Y'),
(null, 6, '2025-02-02', 'Y', null, 6, 'N', 'Y'),
(null, 6, '2025-02-02', 'Y', null, 17, 'N', 'Y'),
(null, 6, '2025-02-02', 'Y', null, 14, 'N', 'Y'),
(null, 6, '2025-02-02', 'Y', null, 16, 'N', 'Y'),
(null, 6, '2025-02-02', 'Y', null, 18, 'N', 'Y'),
(null, 6, '2025-02-02', 'Y', null, 8, 'N', 'Y'),
(null, 6, '2025-02-02', 'Y', null, 3, 'N', 'Y'),
(null, 6, '2025-02-02', 'Y', null, 15, 'N', 'Y'),
(null, 6, '2025-02-02', 'Y', null, 18, 'N', 'Y'),
(null, 6, '2025-02-02', 'Y', null, 13, 'N', 'Y'),
(null, 6, '2025-02-02', 'Y', null, 5, 'N', 'Y'),
(null, 6, '2025-02-02', 'Y', null, 12, 'N', 'Y'),
(null, 6, '2025-02-02', 'Y', null, 2, 'N', 'N'),
(null, 6, '2025-02-02', 'Y', null, 7, 'N', 'Y'),
(null, 6, '2025-02-02', 'Y', null, 10, 'N', 'Y'),
(null, 6, '2025-02-02', 'Y', null, 18, 'N', 'Y'),
(null, 6, '2025-02-02', 'Y', null, 14, 'N', 'Y'),
(null, 6, '2025-02-02', 'N', null, 9, 'N', 'Y'),
(null, 6, '2025-02-02', 'Y', null, 6, 'N', 'Y'),
(null, 6, '2025-02-02', 'Y', null, 17, 'N', 'Y'),
(null, 6, '2025-02-02', 'Y', null, 9, 'N', 'Y'),
(null, 6, '2025-02-02', 'Y', null, 10, 'N', 'Y'),
(null, 6, '2025-02-02', 'Y', null, 16, 'N', 'Y'),
(null, 6, '2025-02-02', 'Y', null, 1, 'N', 'Y'),
(null, 6, '2025-02-02', 'Y', null, 8, 'N', 'Y'),
(null, 6, '2025-02-02', 'Y', null, 1, 'N', 'Y'),
(null, 6, '2025-02-02', 'Y', null, 16, 'N', 'Y'),
(null, 6, '2025-02-02', 'Y', null, 15, 'N', 'Y'),
(null, 6, '2025-02-02', 'Y', null, 10, 'N', 'Y'),
(null, 6, '2025-02-02', 'Y', null, 16, 'N', 'Y'),
(null, 6, '2025-02-02', 'Y', null, 6, 'N', 'Y'),
(null, 6, '2025-02-02', 'Y', null, 3, 'N', 'Y'),
(null, 6, '2025-02-02', 'Y', null, 11, 'N', 'N'),
(null, 6, '2025-02-02', 'Y', null, 9, 'N', 'Y'),
(null, 6, '2025-02-02', 'Y', null, 12, 'N', 'Y'),
(null, 6, '2025-02-02', 'Y', null, 2, 'N', 'Y'),
(null, 6, '2025-02-02', 'Y', null, 7, 'N', 'Y'),
(null, 6, '2025-02-02', 'Y', null, 17, 'N', 'Y'),
(null, 6, '2025-02-02', 'Y', null, 14, 'N', 'Y'),
(null, 6, '2025-02-02', 'Y', null, 18, 'N', 'Y'),
(null, 6, '2025-02-02', 'Y', null, 9, 'N', 'Y'),
(null, 6, '2025-02-02', 'Y', null, 8, 'N', 'Y'),
(null, 6, '2025-02-02', 'Y', null, 3, 'N', 'Y'),
(null, 6, '2025-02-02', 'Y', null, 17, 'N', 'Y'),
(null, 6, '2025-02-02', 'Y', null, 18, 'N', 'N'),
(null, 6, '2025-02-02', 'N', null, 18, 'N', 'Y'),
(null, 4, '2025-02-02', 'Y', '방방뛰기', NULL, 'N', 'Y'),
(null, 4, '2025-02-02', 'Y', null, 2, 'N', 'Y'),
(null, 4, '2025-02-02', 'Y', null, 16, 'N', 'Y'),
(null, 4, '2025-02-02', 'Y', null, 13, 'N', 'Y'),
(null, 4, '2025-02-02', 'Y', null, 17, 'N', 'Y'),
(null, 4, '2025-02-02', 'Y', null, 3, 'N', 'Y'),
(null, 4, '2025-02-02', 'Y', null, 10, 'N', 'Y'),
(null, 4, '2025-02-02', 'Y', null, 2, 'N', 'Y'),
(null, 4, '2025-02-02', 'Y', null, 5, 'N', 'Y'),
(null, 4, '2025-02-02', 'Y', null, 16, 'N', 'Y'),
(null, 4, '2025-02-02', 'Y', null, 14, 'N', 'Y'),
(null, 4, '2025-02-02', 'Y', null, 6, 'N', 'Y'),
(null, 4, '2025-02-02', 'Y', '방방뛰기', NULL, 'N', 'Y'),
(null, 4, '2025-02-02', 'Y', null, 17, 'N', 'Y'),
(null, 4, '2025-02-02', 'Y', null, 11, 'N', 'Y'),
(null, 4, '2025-02-02', 'Y', null, 14, 'N', 'Y'),
(null, 4, '2025-02-02', 'Y', null, 10, 'N', 'Y'),
(null, 4, '2025-02-02', 'Y', null, 12, 'N', 'Y'),
(null, 4, '2025-02-02', 'Y', null, 15, 'N', 'Y'),
(null, 4, '2025-02-02', 'Y', null, 10, 'N', 'Y'),
(null, 4, '2025-02-02', 'Y', null, 12, 'N', 'Y'),
(null, 4, '2025-02-02', 'Y', null, 6, 'N', 'Y'),
(null, 4, '2025-02-02', 'Y', null, 14, 'N', 'Y'),
(null, 4, '2025-02-02', 'Y', null, 1, 'N', 'Y'),
(null, 4, '2025-02-02', 'Y', null, 14, 'N', 'Y'),
(null, 4, '2025-02-02', 'Y', null, 17, 'N', 'Y'),
(null, 4, '2025-02-02', 'Y', null, 6, 'N', 'Y'),
(null, 4, '2025-02-02', 'Y', null, 15, 'N', 'Y'),
(null, 4, '2025-02-02', 'Y', null, 2, 'N', 'Y'),
(null, 4, '2025-02-02', 'Y', '방방뛰기', NULL, 'N', 'Y'),
(null, 4, '2025-02-02', 'Y', null, 2, 'N', 'Y'),
(null, 4, '2025-02-02', 'Y', null, 15, 'N', 'Y'),
(null, 4, '2025-02-02', 'Y', null, 8, 'N', 'Y'),
(null, 4, '2025-02-02', 'Y', null, 9, 'N', 'Y'),
(null, 4, '2025-02-02', 'Y', null, 17, 'N', 'Y'),
(null, 4, '2025-02-02', 'Y', null, 7, 'N', 'Y'),
(null, 4, '2025-02-02', 'Y', null, 2, 'N', 'Y'),
(null, 4, '2025-02-02', 'Y', null, 4, 'N', 'N'),
(null, 4, '2025-02-02', 'Y', null, 14, 'N', 'Y'),
(null, 4, '2025-02-02', 'Y', null, 10, 'N', 'Y'),
(null, 4, '2025-02-02', 'Y', null, 9, 'N', 'Y'),
(null, 4, '2025-02-02', 'Y', null, 2, 'N', 'Y'),
(null, 4, '2025-02-02', 'Y', null, 1, 'N', 'Y'),
(null, 4, '2025-02-02', 'Y', null, 12, 'N', 'Y'),
(null, 4, '2025-02-02', 'Y', null, 12, 'N', 'N'),
(null, 4, '2025-02-02', 'Y', null, 13, 'N', 'Y'),
(null, 4, '2025-02-02', 'Y', null, 9, 'N', 'Y'),
(null, 4, '2025-02-02', 'Y', null, 12, 'Y', 'Y'),
(null, 4, '2025-02-02', 'Y', null, 15, 'N', 'Y'),
(null, 4, '2025-02-02', 'Y', null, 17, 'N', 'Y'),
(null, 4, '2025-02-02', 'Y', null, 11, 'N', 'Y'),
(null, 4, '2025-02-02', 'Y', null, 9, 'N', 'Y'),
(null, 4, '2025-02-02', 'Y', null, 8, 'N', 'Y'),
(null, 4, '2025-02-02', 'Y', null, 18, 'N', 'Y'),
(null, 4, '2025-02-02', 'Y', null, 14, 'N', 'Y'),
(null, 4, '2025-02-02', 'Y', null, 8, 'Y', 'Y'),
(null, 4, '2025-02-02', 'Y', null, 7, 'N', 'Y'),
(null, 4, '2025-02-02', 'Y', null, 10, 'N', 'Y'),
(null, 4, '2025-02-02', 'Y', null, 7, 'N', 'Y'),
(null, 4, '2025-02-02', 'Y', null, 16, 'N', 'Y'),
(null, 4, '2025-02-02', 'Y', null, 13, 'N', 'Y'),
(null, 4, '2025-02-02', 'Y', null, 16, 'N', 'Y'),
(null, 4, '2025-02-02', 'Y', null, 8, 'N', 'Y'),
(null, 4, '2025-02-02', 'Y', null, 10, 'N', 'Y'),
(null, 4, '2025-02-02', 'Y', '방방뛰기', NULL, 'N', 'Y'),
(null, 4, '2025-02-02', 'Y', null, 10, 'N', 'Y'),
(null, 4, '2025-02-02', 'Y', null, 11, 'N', 'Y'),
(null, 4, '2025-02-02', 'Y', null, 11, 'Y', 'Y'),
(null, 4, '2025-02-02', 'Y', null, 17, 'N', 'Y'),
(null, 4, '2025-02-02', 'Y', null, 12, 'N', 'Y'),
(null, 4, '2025-02-02', 'Y', null, 1, 'N', 'Y'),
(null, 4, '2025-02-02', 'Y', null, 7, 'N', 'Y'),
(null, 4, '2025-02-02', 'Y', null, 11, 'N', 'Y'),
(null, 4, '2025-02-02', 'Y', null, 16, 'N', 'Y'),
(null, 4, '2025-02-02', 'Y', null, 5, 'N', 'Y'),
(null, 4, '2025-02-02', 'Y', null, 1, 'N', 'Y'),
(null, 4, '2025-02-02', 'Y', null, 15, 'N', 'Y'),
(null, 4, '2025-02-02', 'Y', null, 3, 'N', 'Y'),
(null, 4, '2025-02-02', 'Y', null, 13, 'N', 'Y'),
(null, 4, '2025-02-02', 'Y', null, 18, 'Y', 'Y'),
(null, 4, '2025-02-02', 'Y', null, 8, 'N', 'Y'),
(null, 4, '2025-02-02', 'Y', null, 5, 'N', 'Y'),
(null, 4, '2025-02-02', 'Y', null, 8, 'N', 'Y'),
(null, 4, '2025-02-02', 'Y', null, 16, 'N', 'Y'),
(null, 4, '2025-02-02', 'Y', null, 14, 'N', 'Y'),
(null, 4, '2025-02-02', 'Y', null, 1, 'N', 'Y'),
(null, 4, '2025-02-02', 'Y', null, 17, 'N', 'Y'),
(null, 4, '2025-02-02', 'Y', '방방뛰기', NULL, 'N', 'Y'),
(null, 4, '2025-02-02', 'Y', null, 5, 'N', 'Y'),
(null, 4, '2025-02-02', 'Y', null, 18, 'N', 'Y'),
(null, 4, '2025-02-02', 'Y', null, 15, 'N', 'Y'),
(null, 4, '2025-02-02', 'Y', null, 14, 'N', 'Y'),
(null, 4, '2025-02-02', 'Y', null, 1, 'N', 'Y'),
(null, 4, '2025-02-02', 'Y', null, 2, 'N', 'Y'),
(null, 4, '2025-02-02', 'Y', null, 3, 'N', 'Y'),
(null, 4, '2025-02-02', 'Y', null, 18, 'N', 'Y'),
(null, 4, '2025-02-02', 'Y', null, 10, 'N', 'Y'),
(null, 4, '2025-02-02', 'Y', null, 8, 'N', 'Y'),
(null, 4, '2025-02-02', 'Y', null, 7, 'N', 'Y'),
(null, 4, '2025-02-02', 'Y', null, 11, 'Y', 'Y'),
(null, 4, '2025-02-02', 'Y', null, 1, 'N', 'Y'),
(null, 4, '2025-02-02', 'Y', null, 6, 'N', 'Y'),
(null, 4, '2025-02-02', 'Y', null, 16, 'N', 'Y'),
(null, 4, '2025-02-02', 'Y', null, 2, 'N', 'Y'),
(null, 4, '2025-02-02', 'Y', null, 11, 'N', 'Y'),
(null, 4, '2025-02-02', 'Y', null, 17, 'N', 'Y'),
(null, 4, '2025-02-02', 'Y', null, 14, 'N', 'Y'),
(null, 4, '2025-02-02', 'Y', null, 1, 'N', 'Y'),
(null, 4, '2025-02-02', 'Y', null, 2, 'N', 'Y'),
(null, 4, '2025-02-02', 'Y', null, 8, 'N', 'Y'),
(null, 4, '2025-02-02', 'Y', null, 5, 'N', 'Y'),
(null, 4, '2025-02-02', 'Y', null, 6, 'N', 'Y'),
(null, 4, '2025-02-02', 'Y', null, 6, 'N', 'Y'),
(null, 4, '2025-02-02', 'Y', null, 15, 'N', 'Y'),
(null, 4, '2025-02-02', 'N', '방방뛰기', NULL, 'N', 'Y'),
(null, 4, '2025-02-02', 'Y', null, 18, 'N', 'Y'),
(null, 4, '2025-02-02', 'Y', null, 1, 'N', 'Y'),
(null, 4, '2025-02-02', 'Y', null, 2, 'N', 'Y'),
(null, 4, '2025-02-02', 'Y', null, 11, 'N', 'Y'),
(null, 4, '2025-02-02', 'Y', null, 8, 'N', 'Y'),
(null, 3, '2025-02-02', 'Y', null, 3, 'N', 'Y'),
(null, 3, '2025-02-02', 'Y', '소리 지르기', NULL, 'N', 'Y'),
(null, 3, '2025-02-02', 'Y', null, 16, 'N', 'Y'),
(null, 3, '2025-02-02', 'Y', null, 1, 'N', 'Y'),
(null, 3, '2025-02-02', 'Y', null, 7, 'N', 'Y'),
(null, 3, '2025-02-02', 'Y', null, 6, 'N', 'Y'),
(null, 3, '2025-02-02', 'Y', null, 16, 'N', 'Y'),
(null, 3, '2025-02-02', 'Y', null, 1, 'N', 'Y'),
(null, 3, '2025-02-02', 'Y', null, 8, 'N', 'Y'),
(null, 3, '2025-02-02', 'Y', null, 1, 'N', 'Y'),
(null, 3, '2025-02-02', 'Y', null, 2, 'N', 'Y'),
(null, 3, '2025-02-02', 'Y', null, 12, 'N', 'Y'),
(null, 3, '2025-02-02', 'Y', null, 8, 'N', 'Y'),
(null, 3, '2025-02-02', 'Y', null, 12, 'N', 'Y'),
(null, 3, '2025-02-02', 'N', null, 4, 'N', 'N'),
(null, 3, '2025-02-02', 'Y', null, 15, 'N', 'Y'),
(null, 3, '2025-02-02', 'Y', null, 5, 'N', 'Y'),
(null, 3, '2025-02-02', 'Y', null, 7, 'Y', 'N'),
(null, 3, '2025-02-02', 'Y', null, 2, 'N', 'Y'),
(null, 3, '2025-02-02', 'Y', null, 10, 'N', 'Y'),
(null, 3, '2025-02-02', 'Y', '소리 지르기', NULL, 'N', 'Y'),
(null, 3, '2025-02-02', 'Y', null, 18, 'N', 'Y'),
(null, 3, '2025-02-02', 'Y', null, 13, 'N', 'Y'),
(null, 3, '2025-02-02', 'Y', null, 12, 'N', 'Y'),
(null, 3, '2025-02-02', 'Y', null, 9, 'N', 'Y'),
(null, 3, '2025-02-02', 'Y', null, 9, 'N', 'Y'),
(null, 3, '2025-02-02', 'Y', null, 13, 'N', 'Y'),
(null, 3, '2025-02-02', 'Y', null, 15, 'N', 'Y'),
(null, 3, '2025-02-02', 'N', null, 4, 'N', 'Y'),
(null, 3, '2025-02-02', 'Y', null, 18, 'N', 'Y'),
(null, 3, '2025-02-02', 'Y', null, 3, 'N', 'Y'),
(null, 3, '2025-02-02', 'Y', null, 15, 'N', 'Y'),
(null, 3, '2025-02-02', 'Y', null, 2, 'N', 'Y'),
(null, 3, '2025-02-02', 'Y', null, 2, 'N', 'Y'),
(null, 3, '2025-02-02', 'Y', null, 10, 'N', 'Y'),
(null, 3, '2025-02-02', 'Y', null, 11, 'N', 'Y'),
(null, 3, '2025-02-02', 'Y', '소리 지르기', NULL, 'N', 'Y'),
(null, 3, '2025-02-02', 'Y', null, 6, 'N', 'Y'),
(null, 3, '2025-02-02', 'Y', null, 2, 'N', 'Y'),
(null, 3, '2025-02-02', 'Y', null, 13, 'N', 'Y'),
(null, 3, '2025-02-02', 'Y', null, 10, 'N', 'Y'),
(null, 3, '2025-02-02', 'Y', null, 11, 'N', 'Y'),
(null, 3, '2025-02-02', 'Y', null, 2, 'N', 'Y'),
(null, 3, '2025-02-02', 'N', null, 10, 'N', 'Y'),
(null, 3, '2025-02-02', 'Y', null, 15, 'N', 'Y'),
(null, 3, '2025-02-02', 'Y', null, 2, 'Y', 'Y'),
(null, 3, '2025-02-02', 'Y', null, 16, 'N', 'Y'),
(null, 3, '2025-02-02', 'Y', null, 10, 'N', 'Y'),
(null, 3, '2025-02-02', 'Y', null, 11, 'N', 'N'),
(null, 3, '2025-02-02', 'Y', null, 8, 'N', 'Y'),
(null, 3, '2025-02-02', 'Y', null, 10, 'N', 'Y'),
(null, 3, '2025-02-02', 'Y', null, 11, 'N', 'Y'),
(null, 3, '2025-02-02', 'Y', null, 3, 'N', 'Y'),
(null, 3, '2025-02-02', 'Y', null, 15, 'N', 'Y'),
(null, 3, '2025-02-02', 'Y', null, 1, 'N', 'Y'),
(null, 3, '2025-02-02', 'N', '소리 지르기', NULL, 'N', 'Y'),
(null, 3, '2025-02-02', 'Y', null, 2, 'N', 'Y'),
(null, 3, '2025-02-02', 'Y', null, 18, 'N', 'Y'),
(null, 3, '2025-02-02', 'Y', null, 15, 'N', 'Y'),
(null, 3, '2025-02-02', 'Y', null, 9, 'N', 'Y'),
(null, 2, '2025-02-02', 'Y', null, 17, 'Y', 'Y'),
(null, 2, '2025-02-02', 'Y', null, 10, 'N', 'Y'),
(null, 2, '2025-02-02', 'Y', '활짝 웃기', NULL, 'N', 'Y'),
(null, 2, '2025-02-02', 'Y', null, 16, 'N', 'Y'),
(null, 2, '2025-02-02', 'Y', null, 10, 'N', 'Y'),
(null, 2, '2025-02-02', 'Y', null, 14, 'N', 'Y'),
(null, 2, '2025-02-02', 'N', null, 6, 'N', 'Y'),
(null, 2, '2025-02-02', 'Y', null, 5, 'N', 'Y'),
(null, 2, '2025-02-02', 'Y', null, 8, 'N', 'Y'),
(null, 2, '2025-02-02', 'N', null, 18, 'N', 'Y');


INSERT INTO blacklist
VALUES
(1, '부적절한 커뮤니티 사용(욕설)', '2025-02-13', 14),
(NULL, '부적절한 커뮤니티 사용(욕설)', '2025-02-11', 15);

INSERT INTO post_category
VALUES
(NULL, '자유게시판'),
(NULL, '공지사항'),
(NULL, '후기');			

INSERT INTO post
VALUES
(1, '[공지] 자유게시판 규칙', '1. 반말 사용 2. 인신공격 금지 3. 개인정보 노출 금지', '2025-01-21', null, 1, 3, 'Y', null),
(null, '[공지] 블랙리스트 공지', '저희 오퓨의 취지에 맞지 않거나 부적절한 게시글이나 댓글을 올리는 경우에는 강제로 탈퇴 당하실 수 있습니다.', null, null, 1, 3, 'Y', null),
(null, '내일부터 갓생 살 사람 구함', '현재까지 0/10 모집 일단 나는 아님~', '2025-01-25', null, 8, 1, 'Y', null),
(null,'[OPU 성공 후기] 한 정거장 먼저 내려서 걷기 ', '매일 한 정거장 먼저 내려서 걷기 성공한 후기 풉니다.', '2025-01-31', null, 7, 2, 'Y', 1),
(null, '[OPU 성공 후기] 집밥 백선생', '(사진) 어떤가요', '2025-02-06', null, 16, 2, 'Y', 2),
(null, '1', '1', '2024-02-06', null, 6, 1, 'Y', null),
(null, '2', '2', '2025-02-06', null, 6, 1, 'Y', null),
(null, '3', '3', '2024-02-06', null, 6, 1, 'Y', null),
(null, '4', '4', '2025-02-06', null, 6, 1, 'Y', null),
(null, '5', '5', '2024-02-06', null, 6, 1, 'Y', null),
(null, '6', '6', '2025-02-06', null, 6, 1, 'Y', null),
(null, '7', '7', '2024-02-06', null, 6, 1, 'Y', null),
(null, '8', '8', '2025-02-06', null, 6, 1, 'Y', null),
(null, '9', '9', '2024-02-06', null, 6, 1, 'Y', null),
(null, '10', '10', '2025-02-06', null, 6, 1, 'Y', null),
(null, '11', '11', '2024-02-06', null, 6, 1, 'Y', null),
(null, '12', '12', '2025-02-06', null, 6, 1, 'Y', null),
(null, '13', '13', '2024-02-06', null, 6, 1, 'Y', null),
(null, '14', '14', '2025-02-06', null, 6, 1, 'Y', null),
(null, '15', '15', '2024-02-06', null, 6, 1, 'Y', null),
(null, '16', '16', '2025-02-06', null, 6, 1, 'Y', null),
(null, '17', '17', '2024-02-06', null, 6, 1, 'Y', null),
(null, '18', '18', '2025-02-06', null, 6, 1, 'Y', null),
(null, '19', '19', '2024-02-06', null, 6, 1, 'Y', null),
(null, '20', '20', '2025-02-06', null, 6, 1, 'Y', null),
(null, '21', '21', '2024-02-06', null, 6, 1, 'Y', null),
(null, '22', '22', '2025-02-06', null, 6, 1, 'Y', null),
(null, '23', '23', '2024-02-06', null, 6, 1, 'Y', null),
(null, '24', '24', '2025-02-06', null, 6, 1, 'Y', null),
(null, '25', '25', '2024-02-06', null, 6, 1, 'Y', null),
(null, '26', '26', '2025-02-06', null, 6, 1, 'Y', null),
(null, '27', '27', '2024-02-06', null, 6, 1, 'Y', null),
(null, '28', '28', '2025-02-06', null, 6, 1, 'Y', null),
(null, '29', '29', '2024-02-06', null, 6, 1, 'Y', null),
(null, '30', '30', '2025-02-06', null, 6, 1, 'Y', null),
(null, '31', '31', '2024-02-06', null, 6, 1, 'Y', null),
(null, '32', '32', '2025-02-06', null, 6, 1, 'Y', null),
(null, '33', '33', '2024-02-06', null, 6, 1, 'Y', null),
(null, '34', '34', '2025-02-06', null, 6, 1, 'Y', null),
(null, '35', '35', '2024-02-06', null, 6, 1, 'Y', null),
(null, '36', '36', '2025-02-06', null, 6, 1, 'Y', null),
(null, '37', '37', '2024-02-06', null, 6, 1, 'Y', null),
(null, '38', '38', '2025-02-06', null, 6, 1, 'Y', null),
(null, '39', '39', '2024-02-06', null, 6, 1, 'Y', null),
(null, '40', '40', '2025-02-06', null, 6, 1, 'Y', null),
(null, '41', '41', '2024-02-06', null, 6, 1, 'Y', null),
(null, '42', '42', '2025-02-06', null, 6, 1, 'Y', null),
(null, '43', '43', '2024-02-06', null, 6, 1, 'Y', null),
(null, '44', '44', '2025-02-06', null, 6, 1, 'Y', null),
(null, '45', '45', '2024-02-06', null, 6, 1, 'Y', null),
(null, '46', '46', '2025-02-06', null, 6, 1, 'Y', null),
(null, '47', '47', '2024-02-06', null, 6, 1, 'Y', null),
(null, '48', '48', '2025-02-06', null, 6, 1, 'Y', null),
(null, '49', '49', '2024-02-06', null, 6, 1, 'Y', null),
(null, '50', '50', '2025-02-06', null, 6, 1, 'Y', null),
(null, '51', '51', '2024-02-06', null, 6, 1, 'Y', null),
(null, '52', '52', '2025-02-06', null, 6, 1, 'Y', null),
(null, '53', '53', '2024-02-06', null, 6, 1, 'Y', null),
(null, '54', '54', '2025-02-06', null, 6, 1, 'Y', null),
(null, '55', '55', '2024-02-06', null, 6, 1, 'Y', null),
(null, '56', '56', '2025-02-06', null, 6, 1, 'Y', null),
(null, '57', '57', '2024-02-06', null, 6, 1, 'Y', null),
(null, '58', '58', '2025-02-06', null, 6, 1, 'Y', null),
(null, '59', '59', '2024-02-06', null, 6, 1, 'Y', null),
(null, '60', '60', '2025-02-06', null, 6, 1, 'Y', null),
(null, '61', '61', '2024-02-06', null, 6, 1, 'Y', null),
(null, '62', '62', '2025-02-06', null, 6, 1, 'Y', null),
(null, '63', '63', '2024-02-06', null, 6, 1, 'Y', null),
(null, '64', '64', '2025-02-06', null, 6, 1, 'Y', null),
(null, '65', '65', '2024-02-06', null, 6, 1, 'Y', null),
(null, '66', '66', '2025-02-06', null, 6, 1, 'Y', null),
(null, '67', '67', '2024-02-06', null, 6, 1, 'Y', null),
(null, '68', '68', '2025-02-06', null, 6, 1, 'Y', null),
(null, '69', '69', '2024-02-06', null, 6, 1, 'Y', null),
(null, '70', '70', '2025-02-06', null, 6, 1, 'Y', null),
(null, '71', '71', '2024-02-06', null, 6, 1, 'Y', null),
(null, '72', '72', '2025-02-06', null, 6, 1, 'Y', null),
(null, '73', '73', '2024-02-06', null, 6, 1, 'Y', null),
(null, '74', '74', '2025-02-06', null, 6, 1, 'Y', null),
(null, '75', '75', '2024-02-06', null, 6, 1, 'Y', null),
(null, '76', '76', '2025-02-06', null, 6, 1, 'Y', null),
(null, '77', '77', '2024-02-06', null, 6, 1, 'Y', null),
(null, '78', '78', '2025-02-06', null, 6, 1, 'Y', null),
(null, '79', '79', '2024-02-06', null, 6, 1, 'Y', null),
(null, '80', '80', '2025-02-06', null, 6, 1, 'Y', null),
(null, '81', '81', '2024-02-06', null, 6, 1, 'Y', null),
(null, '82', '82', '2025-02-06', null, 6, 1, 'Y', null),
(null, '83', '83', '2024-02-06', null, 6, 1, 'Y', null),
(null, '84', '84', '2025-02-06', null, 6, 1, 'Y', null),
(null, '85', '85', '2024-02-06', null, 6, 1, 'Y', null),
(null, '86', '86', '2025-02-06', null, 6, 1, 'Y', null),
(null, '87', '87', '2024-02-06', null, 6, 1, 'Y', null),
(null, '88', '88', '2025-02-06', null, 6, 1, 'Y', null),
(null, '89', '89', '2024-02-06', null, 6, 1, 'Y', null),
(null, '90', '90', '2025-02-06', null, 6, 1, 'Y', null),
(null, '91', '91', '2024-02-06', null, 6, 1, 'Y', null),
(null, '92', '92', '2025-02-06', null, 6, 1, 'Y', null),
(null, '93', '93', '2024-02-06', null, 6, 1, 'Y', null),
(null, '94', '94', '2025-02-06', null, 6, 1, 'Y', null),
(null, '95', '95', '2024-02-06', null, 6, 1, 'Y', null),
(null, '96', '96', '2025-02-06', null, 6, 1, 'Y', null),
(null, '97', '97', '2024-02-06', null, 6, 1, 'Y', null),
(null, '98', '98', '2025-02-06', null, 6, 1, 'Y', null),
(null, '99', '99', '2024-02-06', null, 6, 1, 'Y', null),
(null, '100', '100', '2025-02-06', null, 6, 1, 'Y', null),
(null, '101', '101', '2024-02-06', null, 6, 1, 'Y', null),
(null, '102', '102', '2025-02-06', null, 6, 1, 'Y', null),
(null, '103', '103', '2024-02-06', null, 6, 1, 'Y', null),
(null, '104', '104', '2025-02-06', null, 6, 1, 'Y', null),
(null, '105', '105', '2024-02-06', null, 6, 1, 'Y', null),
(null, '106', '106', '2025-02-06', null, 6, 1, 'Y', null),
(null, '107', '107', '2024-02-06', null, 6, 1, 'Y', null),
(null, '108', '108', '2025-02-06', null, 6, 1, 'Y', null),
(null, '109', '109', '2024-02-06', null, 6, 1, 'Y', null),
(null, '110', '110', '2025-02-06', null, 6, 1, 'Y', null),
(null, '111', '111', '2024-02-06', null, 6, 1, 'Y', null),
(null, '112', '112', '2025-02-06', null, 6, 1, 'Y', null),
(null, '113', '113', '2024-02-06', null, 6, 1, 'Y', null),
(null, '114', '114', '2025-02-06', null, 6, 1, 'Y', null),
(null, '115', '115', '2024-02-06', null, 6, 1, 'Y', null),
(null, '116', '116', '2025-02-06', null, 6, 1, 'Y', null),
(null, '117', '117', '2024-02-06', null, 6, 1, 'Y', null),
(null, '118', '118', '2025-02-06', null, 6, 1, 'Y', null),
(null, '119', '119', '2024-02-06', null, 6, 1, 'Y', null),
(null, '120', '120', '2025-02-06', null, 6, 1, 'Y', null),
(null, '121', '121', '2024-02-06', null, 6, 1, 'Y', null),
(null, '122', '122', '2025-02-06', null, 6, 1, 'Y', null),
(null, '123', '123', '2024-02-06', null, 6, 1, 'Y', null),
(null, '124', '124', '2025-02-06', null, 6, 1, 'Y', null),
(null, '125', '125', '2024-02-06', null, 6, 1, 'Y', null),
(null, '126', '126', '2025-02-06', null, 6, 1, 'Y', null),
(null, '127', '127', '2024-02-06', null, 6, 1, 'Y', null),
(null, '128', '128', '2025-02-06', null, 6, 1, 'Y', null),
(null, '129', '129', '2024-02-06', null, 6, 1, 'Y', null),
(null, '130', '130', '2025-02-06', null, 6, 1, 'Y', null),
(null, '131', '131', '2024-02-06', null, 6, 1, 'Y', null),
(null, '132', '132', '2025-02-06', null, 6, 1, 'Y', null),
(null, '133', '133', '2024-02-06', null, 6, 1, 'Y', null),
(null, '134', '134', '2025-02-06', null, 6, 1, 'Y', null),
(null, '135', '135', '2024-02-06', null, 6, 1, 'Y', null),
(null, '136', '136', '2025-02-06', null, 6, 1, 'Y', null),
(null, '137', '137', '2024-02-06', null, 6, 1, 'Y', null),
(null, '138', '138', '2025-02-06', null, 6, 1, 'Y', null),
(null, '139', '139', '2024-02-06', null, 6, 1, 'Y', null),
(null, '140', '140', '2025-02-06', null, 6, 1, 'Y', null),
(null, '141', '141', '2024-02-06', null, 6, 1, 'Y', null),
(null, '142', '142', '2025-02-06', null, 6, 1, 'Y', null),
(null, '143', '143', '2024-02-06', null, 6, 1, 'Y', null),
(null, '144', '144', '2025-02-06', null, 6, 1, 'Y', null),
(null, '145', '145', '2024-02-06', null, 6, 1, 'Y', null),
(null, '146', '146', '2025-02-06', null, 6, 1, 'Y', null),
(null, '147', '147', '2024-02-06', null, 6, 1, 'Y', null),
(null, '148', '148', '2025-02-06', null, 6, 1, 'Y', null),
(null, '149', '149', '2024-02-06', null, 6, 1, 'Y', null),
(null, '150', '150', '2025-02-06', null, 6, 1, 'Y', null),
(null, '151', '151', '2024-02-06', null, 6, 1, 'Y', null),
(null, '152', '152', '2025-02-06', null, 6, 1, 'Y', null),
(null, '153', '153', '2024-02-06', null, 6, 1, 'Y', null),
(null, '154', '154', '2025-02-06', null, 6, 1, 'Y', null),
(null, '155', '155', '2024-02-06', null, 6, 1, 'Y', null),
(null, '156', '156', '2025-02-06', null, 6, 1, 'Y', null),
(null, '157', '157', '2024-02-06', null, 6, 1, 'Y', null),
(null, '158', '158', '2025-02-06', null, 6, 1, 'Y', null),
(null, '159', '159', '2024-02-06', null, 6, 1, 'Y', null),
(null, '160', '160', '2025-02-06', null, 6, 1, 'Y', null),
(null, '161', '161', '2024-02-06', null, 6, 1, 'Y', null),
(null, '162', '162', '2025-02-06', null, 6, 1, 'Y', null),
(null, '163', '163', '2024-02-06', null, 6, 1, 'Y', null),
(null, '164', '164', '2025-02-06', null, 6, 1, 'Y', null),
(null, '165', '165', '2024-02-06', null, 6, 1, 'Y', null),
(null, '166', '166', '2025-02-06', null, 6, 1, 'Y', null),
(null, '167', '167', '2024-02-06', null, 6, 1, 'Y', null),
(null, '168', '168', '2025-02-06', null, 6, 1, 'Y', null),
(null, '169', '169', '2024-02-06', null, 6, 1, 'Y', null),
(null, '170', '170', '2025-02-06', null, 6, 1, 'Y', null),
(null, '171', '171', '2024-02-06', null, 6, 1, 'Y', null),
(null, '172', '172', '2025-02-06', null, 6, 1, 'Y', null),
(null, '173', '173', '2024-02-06', null, 6, 1, 'Y', null),
(null, '174', '174', '2025-02-06', null, 6, 1, 'Y', null),
(null, '175', '175', '2024-02-06', null, 6, 1, 'Y', null),
(null, '176', '176', '2025-02-06', null, 6, 1, 'Y', null),
(null, '177', '177', '2024-02-06', null, 6, 1, 'Y', null),
(null, '178', '178', '2025-02-06', null, 6, 1, 'Y', null),
(null, '179', '179', '2024-02-06', null, 6, 1, 'Y', null),
(null, '180', '180', '2025-02-06', null, 6, 1, 'Y', null),
(null, '181', '181', '2024-02-06', null, 6, 1, 'Y', null),
(null, '182', '182', '2025-02-06', null, 6, 1, 'Y', null),
(null, '183', '183', '2024-02-06', null, 6, 1, 'Y', null),
(null, '184', '184', '2025-02-06', null, 6, 1, 'Y', null),
(null, '185', '185', '2024-02-06', null, 6, 1, 'Y', null),
(null, '186', '186', '2025-02-06', null, 6, 1, 'Y', null),
(null, '187', '187', '2024-02-06', null, 6, 1, 'Y', null),
(null, '188', '188', '2025-02-06', null, 6, 1, 'Y', null),
(null, '189', '189', '2024-02-06', null, 6, 1, 'Y', null),
(null, '190', '190', '2025-02-06', null, 6, 1, 'Y', null),
(null, '191', '191', '2024-02-06', null, 6, 1, 'Y', null),
(null, '192', '192', '2025-02-06', null, 6, 1, 'Y', null),
(null, '193', '193', '2024-02-06', null, 6, 1, 'Y', null),
(null, '194', '194', '2025-02-06', null, 6, 1, 'Y', null),
(null, '195', '195', '2024-02-06', null, 6, 1, 'Y', null),
(null, '196', '196', '2025-02-06', null, 6, 1, 'Y', null),
(null, '197', '197', '2024-02-06', null, 6, 1, 'Y', null),
(null, '198', '198', '2025-02-06', null, 6, 1, 'Y', null),
(null, '199', '199', '2024-02-06', null, 6, 1, 'Y', null),
(null, '200', '200', '2025-02-06', null, 6, 1, 'Y', null),
(null, '1', '1', '2024-02-06', null, 4, 1, 'Y', null),
(null, '2', '2', '2025-02-06', null, 4, 1, 'Y', null),
(null, '3', '3', '2024-02-06', null, 4, 1, 'Y', null),
(null, '4', '4', '2025-02-06', null, 4, 1, 'Y', null),
(null, '5', '5', '2024-02-06', null, 4, 1, 'Y', null),
(null, '6', '6', '2025-02-06', null, 4, 1, 'Y', null),
(null, '7', '7', '2024-02-06', null, 4, 1, 'Y', null),
(null, '8', '8', '2025-02-06', null, 4, 1, 'Y', null),
(null, '9', '9', '2024-02-06', null, 4, 1, 'Y', null),
(null, '10', '10', '2025-02-06', null, 4, 1, 'Y', null),
(null, '11', '11', '2024-02-06', null, 4, 1, 'Y', null),
(null, '12', '12', '2025-02-06', null, 4, 1, 'Y', null),
(null, '13', '13', '2024-02-06', null, 4, 1, 'Y', null),
(null, '14', '14', '2025-02-06', null, 4, 1, 'Y', null),
(null, '15', '15', '2024-02-06', null, 4, 1, 'Y', null),
(null, '16', '16', '2025-02-06', null, 4, 1, 'Y', null),
(null, '17', '17', '2024-02-06', null, 4, 1, 'Y', null),
(null, '18', '18', '2025-02-06', null, 4, 1, 'Y', null),
(null, '19', '19', '2024-02-06', null, 4, 1, 'Y', null),
(null, '20', '20', '2025-02-06', null, 4, 1, 'Y', null),
(null, '21', '21', '2024-02-06', null, 4, 1, 'Y', null),
(null, '22', '22', '2025-02-06', null, 4, 1, 'Y', null),
(null, '23', '23', '2024-02-06', null, 4, 1, 'Y', null),
(null, '24', '24', '2025-02-06', null, 4, 1, 'Y', null),
(null, '25', '25', '2024-02-06', null, 4, 1, 'Y', null),
(null, '26', '26', '2025-02-06', null, 4, 1, 'Y', null),
(null, '27', '27', '2024-02-06', null, 4, 1, 'Y', null),
(null, '28', '28', '2025-02-06', null, 4, 1, 'Y', null),
(null, '29', '29', '2024-02-06', null, 4, 1, 'Y', null),
(null, '30', '30', '2025-02-06', null, 4, 1, 'Y', null),
(null, '31', '31', '2024-02-06', null, 4, 1, 'Y', null),
(null, '32', '32', '2025-02-06', null, 4, 1, 'Y', null),
(null, '33', '33', '2024-02-06', null, 4, 1, 'Y', null),
(null, '34', '34', '2025-02-06', null, 4, 1, 'Y', null),
(null, '35', '35', '2024-02-06', null, 4, 1, 'Y', null),
(null, '36', '36', '2025-02-06', null, 4, 1, 'Y', null),
(null, '37', '37', '2024-02-06', null, 4, 1, 'Y', null),
(null, '38', '38', '2025-02-06', null, 4, 1, 'Y', null),
(null, '39', '39', '2024-02-06', null, 4, 1, 'Y', null),
(null, '40', '40', '2025-02-06', null, 4, 1, 'Y', null),
(null, '41', '41', '2024-02-06', null, 4, 1, 'Y', null),
(null, '42', '42', '2025-02-06', null, 4, 1, 'Y', null),
(null, '43', '43', '2024-02-06', null, 4, 1, 'Y', null),
(null, '44', '44', '2025-02-06', null, 4, 1, 'Y', null),
(null, '45', '45', '2024-02-06', null, 4, 1, 'Y', null),
(null, '46', '46', '2025-02-06', null, 4, 1, 'Y', null),
(null, '47', '47', '2024-02-06', null, 4, 1, 'Y', null),
(null, '48', '48', '2025-02-06', null, 4, 1, 'Y', null),
(null, '49', '49', '2024-02-06', null, 4, 1, 'Y', null),
(null, '50', '50', '2025-02-06', null, 4, 1, 'Y', null),
(null, '51', '51', '2024-02-06', null, 4, 1, 'Y', null),
(null, '52', '52', '2025-02-06', null, 4, 1, 'Y', null),
(null, '53', '53', '2024-02-06', null, 4, 1, 'Y', null),
(null, '54', '54', '2025-02-06', null, 4, 1, 'Y', null),
(null, '55', '55', '2024-02-06', null, 4, 1, 'Y', null),
(null, '56', '56', '2025-02-06', null, 4, 1, 'Y', null),
(null, '57', '57', '2024-02-06', null, 4, 1, 'Y', null),
(null, '58', '58', '2025-02-06', null, 4, 1, 'Y', null),
(null, '59', '59', '2024-02-06', null, 4, 1, 'Y', null),
(null, '60', '60', '2025-02-06', null, 4, 1, 'Y', null),
(null, '61', '61', '2024-02-06', null, 4, 1, 'Y', null),
(null, '62', '62', '2025-02-06', null, 4, 1, 'Y', null),
(null, '63', '63', '2024-02-06', null, 4, 1, 'Y', null),
(null, '64', '64', '2025-02-06', null, 4, 1, 'Y', null),
(null, '65', '65', '2024-02-06', null, 4, 1, 'Y', null),
(null, '66', '66', '2025-02-06', null, 4, 1, 'Y', null),
(null, '67', '67', '2024-02-06', null, 4, 1, 'Y', null),
(null, '68', '68', '2025-02-06', null, 4, 1, 'Y', null),
(null, '69', '69', '2024-02-06', null, 4, 1, 'Y', null),
(null, '70', '70', '2025-02-06', null, 4, 1, 'Y', null),
(null, '71', '71', '2024-02-06', null, 4, 1, 'Y', null),
(null, '72', '72', '2025-02-06', null, 4, 1, 'Y', null),
(null, '73', '73', '2024-02-06', null, 4, 1, 'Y', null),
(null, '74', '74', '2025-02-06', null, 4, 1, 'Y', null),
(null, '75', '75', '2024-02-06', null, 4, 1, 'Y', null),
(null, '76', '76', '2025-02-06', null, 4, 1, 'Y', null),
(null, '77', '77', '2024-02-06', null, 4, 1, 'Y', null),
(null, '78', '78', '2025-02-06', null, 4, 1, 'Y', null),
(null, '79', '79', '2024-02-06', null, 4, 1, 'Y', null),
(null, '80', '80', '2025-02-06', null, 4, 1, 'Y', null),
(null, '81', '81', '2024-02-06', null, 4, 1, 'Y', null),
(null, '82', '82', '2025-02-06', null, 4, 1, 'Y', null),
(null, '83', '83', '2024-02-06', null, 4, 1, 'Y', null),
(null, '84', '84', '2025-02-06', null, 4, 1, 'Y', null),
(null, '85', '85', '2024-02-06', null, 4, 1, 'Y', null),
(null, '86', '86', '2025-02-06', null, 4, 1, 'Y', null),
(null, '87', '87', '2024-02-06', null, 4, 1, 'Y', null),
(null, '88', '88', '2025-02-06', null, 4, 1, 'Y', null),
(null, '89', '89', '2024-02-06', null, 4, 1, 'Y', null),
(null, '90', '90', '2025-02-06', null, 4, 1, 'Y', null),
(null, '91', '91', '2024-02-06', null, 4, 1, 'Y', null),
(null, '92', '92', '2025-02-06', null, 4, 1, 'Y', null),
(null, '93', '93', '2024-02-06', null, 4, 1, 'Y', null),
(null, '94', '94', '2025-02-06', null, 4, 1, 'Y', null),
(null, '95', '95', '2024-02-06', null, 4, 1, 'Y', null),
(null, '96', '96', '2025-02-06', null, 4, 1, 'Y', null),
(null, '97', '97', '2024-02-06', null, 4, 1, 'Y', null),
(null, '98', '98', '2025-02-06', null, 4, 1, 'Y', null),
(null, '99', '99', '2024-02-06', null, 4, 1, 'Y', null),
(null, '100', '100', '2025-02-06', null, 4, 1, 'Y', null),
(null, '1', '1', '2024-02-06', null, 3, 1, 'Y', null),
(null, '2', '2', '2025-02-06', null, 3, 1, 'Y', null),
(null, '3', '3', '2024-02-06', null, 3, 1, 'Y', null),
(null, '4', '4', '2025-02-06', null, 3, 1, 'Y', null),
(null, '5', '5', '2024-02-06', null, 3, 1, 'Y', null),
(null, '6', '6', '2025-02-06', null, 3, 1, 'Y', null),
(null, '7', '7', '2024-02-06', null, 3, 1, 'Y', null),
(null, '8', '8', '2025-02-06', null, 3, 1, 'Y', null),
(null, '9', '9', '2024-02-06', null, 3, 1, 'Y', null),
(null, '10', '10', '2025-02-06', null, 3, 1, 'Y', null),
(null, '11', '11', '2024-02-06', null, 3, 1, 'Y', null),
(null, '12', '12', '2025-02-06', null, 3, 1, 'Y', null),
(null, '13', '13', '2024-02-06', null, 3, 1, 'Y', null),
(null, '14', '14', '2025-02-06', null, 3, 1, 'Y', null),
(null, '15', '15', '2024-02-06', null, 3, 1, 'Y', null),
(null, '16', '16', '2025-02-06', null, 3, 1, 'Y', null),
(null, '17', '17', '2024-02-06', null, 3, 1, 'Y', null),
(null, '18', '18', '2025-02-06', null, 3, 1, 'Y', null),
(null, '19', '19', '2024-02-06', null, 3, 1, 'Y', null),
(null, '20', '20', '2025-02-06', null, 3, 1, 'Y', null),
(null, '21', '21', '2024-02-06', null, 3, 1, 'Y', null),
(null, '22', '22', '2025-02-06', null, 3, 1, 'Y', null),
(null, '23', '23', '2024-02-06', null, 3, 1, 'Y', null),
(null, '24', '24', '2025-02-06', null, 3, 1, 'Y', null),
(null, '25', '25', '2024-02-06', null, 3, 1, 'Y', null),
(null, '26', '26', '2025-02-06', null, 3, 1, 'Y', null),
(null, '27', '27', '2024-02-06', null, 3, 1, 'Y', null),
(null, '28', '28', '2025-02-06', null, 3, 1, 'Y', null),
(null, '29', '29', '2024-02-06', null, 3, 1, 'Y', null),
(null, '30', '30', '2025-02-06', null, 3, 1, 'Y', null),
(null, '31', '31', '2024-02-06', null, 3, 1, 'Y', null),
(null, '32', '32', '2025-02-06', null, 3, 1, 'Y', null),
(null, '33', '33', '2024-02-06', null, 3, 1, 'Y', null),
(null, '34', '34', '2025-02-06', null, 3, 1, 'Y', null),
(null, '35', '35', '2024-02-06', null, 3, 1, 'Y', null),
(null, '36', '36', '2025-02-06', null, 3, 1, 'Y', null),
(null, '37', '37', '2024-02-06', null, 3, 1, 'Y', null),
(null, '38', '38', '2025-02-06', null, 3, 1, 'Y', null),
(null, '39', '39', '2024-02-06', null, 3, 1, 'Y', null),
(null, '40', '40', '2025-02-06', null, 3, 1, 'Y', null),
(null, '41', '41', '2024-02-06', null, 3, 1, 'Y', null),
(null, '42', '42', '2025-02-06', null, 3, 1, 'Y', null),
(null, '43', '43', '2024-02-06', null, 3, 1, 'Y', null),
(null, '44', '44', '2025-02-06', null, 3, 1, 'Y', null),
(null, '45', '45', '2024-02-06', null, 3, 1, 'Y', null),
(null, '46', '46', '2025-02-06', null, 3, 1, 'Y', null),
(null, '47', '47', '2024-02-06', null, 3, 1, 'Y', null),
(null, '48', '48', '2025-02-06', null, 3, 1, 'Y', null),
(null, '49', '49', '2024-02-06', null, 3, 1, 'Y', null),
(null, '50', '50', '2025-02-06', null, 3, 1, 'Y', null),
(null, '1', '1', '2024-02-06', null, 2, 1, 'Y', null),
(null, '2', '2', '2025-02-06', null, 2, 1, 'Y', null),
(null, '3', '3', '2024-02-06', null, 2, 1, 'Y', null),
(null, '4', '4', '2025-02-06', null, 2, 1, 'Y', null),
(null, '5', '5', '2024-02-06', null, 2, 1, 'Y', null);


INSERT INTO comment
VALUES 
(1, '이걸 자랑이라고 올린 거냐?', null, NULL, 3, 7, NULL, 'N');
 
INSERT INTO comment
VALUES
(2, '부러우면 말을하자ㅋㅋㅋㅋㅋㅋ', null, NULL, 3, 8, 1, 'N');

INSERT INTO comment
VALUES
(3, '사실 넘 부러웠어요', null, NULL, 3, 7, 2, 'N');

INSERT INTO comment
VALUES
(4, '대단하시네요! 저도 배달어플 지우러 갑니다~', null, NULL, 3, 3, NULL, 'N');
 
INSERT INTO comment_like
VALUES
(1,1),
(2,2),
(3,3),
(4,4);

INSERT INTO follow
VALUES
(1, 1, 3),
(NULL, 2, 4),
(NULL, 3, 5),
(NULL, 4, 6),
(NULL, 3, 1),
(NULL, 5, 2),
(NULL, 8, 2);

INSERT INTO post_img
VALUES
(NULL, 2, 'http~어쩌구 저쩌구 '),
(NULL, 3, 'url이 여기에 들어갑니다');

INSERT INTO post_like
VALUES
(1,3),
(2,4),
(3,5),
(4,6);

INSERT INTO result
VALUES 
(1, 10, 30, 20, 40),
(2, 20, 20, 40, 20),
(3, 40, 40, 0, 20),
(4, 30, 30, 30, 10),
(5, 50, 40, 10, 0),
(6, 10, 10, 10, 70),
(7, 30, 10, 20, 40),
(8, 50, 0, 20, 30),
(9, 0, 20, 30, 50),
(10, 20, 40, 20, 20),
(11, 10, 60, 10, 20),
(12, 60, 10, 10, 20),
(13, 20, 10, 10, 60),
(14, 30, 30, 30, 10),
(15, 20, 30, 30, 20),
(16, 30, 20, 30, 20);

INSERT INTO notify
VALUES
(1, '욕을 너무 많이 합니다.', '2025-02-11', 4, 4, null),
(null, '부적절한 닉네임을 사용해요.', '2025-02-11', 5, 5, null),
(null, '그냥 해봤어요.', '2025-02-11', 1, 3 , 1);

